"FIRST_NAME","LAST_NAME","STREET_ADDRESS","CITY","STATE_PROVINCE","POSTAL_CODE"
"Ellen","Abel","Magdalen Centre, The Oxford Science Park","Oxford","Oxford","OX9 9ZB"
"Sundar","Ande","Magdalen Centre, The Oxford Science Park","Oxford","Oxford","OX9 9ZB"
"Mozhe","Atkinson","2011 Interiors Blvd","South San Francisco","California","99236"
"David","Austin","2014 Jabberwocky Rd","Southlake","Texas","26192"
"Hermann","Baer","Schwanthalerstr. 7031","Munich","Bavaria","80925"
"Shelli","Baida","2004 Charade Rd","Seattle","Washington","98199"
"Amit","Banda","Magdalen Centre, The Oxford Science Park","Oxford","Oxford","OX9 9ZB"
"Elizabeth","Bates","Magdalen Centre, The Oxford Science Park","Oxford","Oxford","OX9 9ZB"
"Sarah","Bell","2011 Interiors Blvd","South San Francisco","California","99236"
"David","Bernstein","Magdalen Centre, The Oxford Science Park","Oxford","Oxford","OX9 9ZB"
"Laura","Bissot","2011 Interiors Blvd","South San Francisco","California","99236"
"Harrison","Bloom","Magdalen Centre, The Oxford Science Park","Oxford","Oxford","OX9 9ZB"
"Alexis","Bull","2011 Interiors Blvd","South San Francisco","California","99236"
"Anthony","Cabrio","2011 Interiors Blvd","South San Francisco","California","99236"
"Gerald","Cambrault","Magdalen Centre, The Oxford Science Park","Oxford","Oxford","OX9 9ZB"
"Nanette","Cambrault","Magdalen Centre, The Oxford Science Park","Oxford","Oxford","OX9 9ZB"
"John","Chen","2004 Charade Rd","Seattle","Washington","98199"
"Kelly","Chung","2011 Interiors Blvd","South San Francisco","California","99236"
"Karen","Colmenares","2004 Charade Rd","Seattle","Washington","98199"
"Curtis","Davies","2011 Interiors Blvd","South San Francisco","California","99236"
"Lex","De Haan","2004 Charade Rd","Seattle","Washington","98199"
"Julia","Dellinger","2011 Interiors Blvd","South San Francisco","California","99236"
"Jennifer","Dilly","2011 Interiors Blvd","South San Francisco","California","99236"
"Louise","Doran","Magdalen Centre, The Oxford Science Park","Oxford","Oxford","OX9 9ZB"
"Bruce","Ernst","2014 Jabberwocky Rd","Southlake","Texas","26192"
"Alberto","Errazuriz","Magdalen Centre, The Oxford Science Park","Oxford","Oxford","OX9 9ZB"
"Britney","Everett","2011 Interiors Blvd","South San Francisco","California","99236"
"Daniel","Faviet","2004 Charade Rd","Seattle","Washington","98199"
"Pat","Fay","147 Spadina Ave","Toronto","Ontario","M5V 2L7"
"Kevin","Feeney","2011 Interiors Blvd","South San Francisco","California","99236"
"Jean","Fleaur","2011 Interiors Blvd","South San Francisco","California","99236"
"Tayler","Fox","Magdalen Centre, The Oxford Science Park","Oxford","Oxford","OX9 9ZB"
"Adam","Fripp","2011 Interiors Blvd","South San Francisco","California","99236"
"Timothy","Gates","2011 Interiors Blvd","South San Francisco","California","99236"
"Ki","Gee","2011 Interiors Blvd","South San Francisco","California","99236"
"Girard","Geoni","2011 Interiors Blvd","South San Francisco","California","99236"
"William","Gietz","2004 Charade Rd","Seattle","Washington","98199"
"Douglas","Grant","2011 Interiors Blvd","South San Francisco","California","99236"
"Nancy","Greenberg","2004 Charade Rd","Seattle","Washington","98199"
"Danielle","Greene","Magdalen Centre, The Oxford Science Park","Oxford","Oxford","OX9 9ZB"
"Peter","Hall","Magdalen Centre, The Oxford Science Park","Oxford","Oxford","OX9 9ZB"
"Michael","Hartstein","147 Spadina Ave","Toronto","Ontario","M5V 2L7"
"Shelley","Higgins","2004 Charade Rd","Seattle","Washington","98199"
"Guy","Himuro","2004 Charade Rd","Seattle","Washington","98199"
"Alyssa","Hutton","Magdalen Centre, The Oxford Science Park","Oxford","Oxford","OX9 9ZB"
"Charles","Johnson","Magdalen Centre, The Oxford Science Park","Oxford","Oxford","OX9 9ZB"
"Vance","Jones","2011 Interiors Blvd","South San Francisco","California","99236"
"Payam","Kaufling","2011 Interiors Blvd","South San Francisco","California","99236"
"Alexander","Khoo","2004 Charade Rd","Seattle","Washington","98199"
"Steven","King","2004 Charade Rd","Seattle","Washington","98199"
"Janette","King","Magdalen Centre, The Oxford Science Park","Oxford","Oxford","OX9 9ZB"
"Neena","Kochhar","2004 Charade Rd","Seattle","Washington","98199"
"Sundita","Kumar","Magdalen Centre, The Oxford Science Park","Oxford","Oxford","OX9 9ZB"
"Renske","Ladwig","2011 Interiors Blvd","South San Francisco","California","99236"
"James","Landry","2011 Interiors Blvd","South San Francisco","California","99236"
"David","Lee","Magdalen Centre, The Oxford Science Park","Oxford","Oxford","OX9 9ZB"
"Jack","Livingston","Magdalen Centre, The Oxford Science Park","Oxford","Oxford","OX9 9ZB"
"Diana","Lorentz","2014 Jabberwocky Rd","Southlake","Texas","26192"
"Jason","Mallin","2011 Interiors Blvd","South San Francisco","California","99236"
"Steven","Markle","2011 Interiors Blvd","South San Francisco","California","99236"
"James","Marlow","2011 Interiors Blvd","South San Francisco","California","99236"
"Mattea","Marvins","Magdalen Centre, The Oxford Science Park","Oxford","Oxford","OX9 9ZB"
"Randall","Matos","2011 Interiors Blvd","South San Francisco","California","99236"
"Susan","Mavris","8204 Arthur St","London","",""
"Samuel","McCain","2011 Interiors Blvd","South San Francisco","California","99236"
"Allan","McEwen","Magdalen Centre, The Oxford Science Park","Oxford","Oxford","OX9 9ZB"
"Irene","Mikkilineni","2011 Interiors Blvd","South San Francisco","California","99236"
"Kevin","Mourgos","2011 Interiors Blvd","South San Francisco","California","99236"
"Julia","Nayer","2011 Interiors Blvd","South San Francisco","California","99236"
"Donald","OConnell","2011 Interiors Blvd","South San Francisco","California","99236"
"Christopher","Olsen","Magdalen Centre, The Oxford Science Park","Oxford","Oxford","OX9 9ZB"
"TJ","Olson","2011 Interiors Blvd","South San Francisco","California","99236"
"Lisa","Ozer","Magdalen Centre, The Oxford Science Park","Oxford","Oxford","OX9 9ZB"
"Karen","Partners","Magdalen Centre, The Oxford Science Park","Oxford","Oxford","OX9 9ZB"
"Valli","Pataballa","2014 Jabberwocky Rd","Southlake","Texas","26192"
"Joshua","Patel","2011 Interiors Blvd","South San Francisco","California","99236"
"Randall","Perkins","2011 Interiors Blvd","South San Francisco","California","99236"
"Hazel","Philtanker","2011 Interiors Blvd","South San Francisco","California","99236"
"Luis","Popp","2004 Charade Rd","Seattle","Washington","98199"
"Trenna","Rajs","2011 Interiors Blvd","South San Francisco","California","99236"
"Den","Raphaely","2004 Charade Rd","Seattle","Washington","98199"
"Michael","Rogers","2011 Interiors Blvd","South San Francisco","California","99236"
"John","Russell","Magdalen Centre, The Oxford Science Park","Oxford","Oxford","OX9 9ZB"
"Nandita","Sarchand","2011 Interiors Blvd","South San Francisco","California","99236"
"Ismael","Sciarra","2004 Charade Rd","Seattle","Washington","98199"
"John","Seo","2011 Interiors Blvd","South San Francisco","California","99236"
"Sarath","Sewall","Magdalen Centre, The Oxford Science Park","Oxford","Oxford","OX9 9ZB"
"William","Smith","Magdalen Centre, The Oxford Science Park","Oxford","Oxford","OX9 9ZB"
"Lindsey","Smith","Magdalen Centre, The Oxford Science Park","Oxford","Oxford","OX9 9ZB"
"Stephen","Stiles","2011 Interiors Blvd","South San Francisco","California","99236"
"Martha","Sullivan","2011 Interiors Blvd","South San Francisco","California","99236"
"Patrick","Sully","Magdalen Centre, The Oxford Science Park","Oxford","Oxford","OX9 9ZB"
"Jonathon","Taylor","Magdalen Centre, The Oxford Science Park","Oxford","Oxford","OX9 9ZB"
"Winston","Taylor","2011 Interiors Blvd","South San Francisco","California","99236"
"Sigal","Tobias","2004 Charade Rd","Seattle","Washington","98199"
"Peter","Tucker","Magdalen Centre, The Oxford Science Park","Oxford","Oxford","OX9 9ZB"
"Oliver","Tuvault","Magdalen Centre, The Oxford Science Park","Oxford","Oxford","OX9 9ZB"
"Jose Manuel","Urman","2004 Charade Rd","Seattle","Washington","98199"
"Peter","Vargas","2011 Interiors Blvd","South San Francisco","California","99236"
"Clara","Vishney","Magdalen Centre, The Oxford Science Park","Oxford","Oxford","OX9 9ZB"
"Shanta","Vollman","2011 Interiors Blvd","South San Francisco","California","99236"
"Alana","Walsh","2011 Interiors Blvd","South San Francisco","California","99236"
"Matthew","Weiss","2011 Interiors Blvd","South San Francisco","California","99236"
"Jennifer","Whalen","2004 Charade Rd","Seattle","Washington","98199"
"Eleni","Zlotkey","Magdalen Centre, The Oxford Science Park","Oxford","Oxford","OX9 9ZB"
